{
  "name": "therros-tales-wake-of-war-pro",
  "title": "Therros Tales: Wake of War (Pro)",
  "description": "",
  "author": "R20Converter",
  "version": "0.10.1",
  "minimumCoreVersion": "0.7.5",
  "compatibleCoreVersion": "1.0.0",
  "packs": [
    {
      "name": "items",
      "label": "Items (Therros Tales: Wake of War (Pro))",
      "path": "packs/items.db",
      "module": "therros-tales-wake-of-war-pro",
      "entity": "Item"
    }
  ],
  "url": "https://github.com/gerardhoey/therros-tales-items",
  "manifest": "https://github.com/gerardhoey/therros-tales-items/blob/c649944f98dccf17940b5fc0db6d884025f9c8be/module.json",
  "download": "https://github.com/gerardhoey/therros-tales-items/blob/c649944f98dccf17940b5fc0db6d884025f9c8be/module.zip"
}